1.您的性别○男性   ○女性,2.您的年级○大一   ○大二   ○大三   ○大四,3.您的生源地○农村   ○城镇（乡镇）   ○地县级城市  ○省会城市及直辖市,"4.您的月生活费○≦1,000元   ○1,001-2,000元   ○2,001-3,000元   ○≧3,001元",5.您进行过绿色低碳的相关生活方式吗?,6.您觉得“低碳”，与你的生活关系密切吗？,7.低碳生活是否会成为未来的主流生活方式？,8.您是否认为低碳生活会提高您的生活质量？,低碳行为积极性
1,2.0,2.0,-0.2999645033424777,1.0,1.0,1.0,2,0
1,2.0,3.0,-0.2999645033424777,1.0,1.0,2.0,2,0
1,2.0,3.0,-0.2999645033424777,1.0,1.0,2.0,3,0
1,2.0,2.0,-0.2999645033424777,2.0,2.0,2.0,2,0
1,2.0,1.0,-0.2999645033424777,1.0,1.0,2.0,2,0
1,2.0,2.0,-0.2999645033424777,1.0,1.0,1.0,2,0
1,2.0,1.0,-0.2999645033424777,1.0,1.0,1.0,3,0
2,2.0,2.0,-0.2999645033424777,1.0,1.0,2.0,3,0
1,2.0,2.0,0.7576026558777961,1.0,1.0,2.0,2,0
1,2.0,1.0,-0.2999645033424777,1.0,1.0,2.0,3,0
1,2.0,3.0,-1.3575316625627514,1.0,1.0,1.0,1,0
1,2.0,1.0,-0.2999645033424777,1.0,2.0,2.0,3,0
1,2.0,3.0,-0.2999645033424777,1.0,2.0,2.0,1,0
2,3.0,2.0,-0.2999645033424777,1.0,1.0,1.0,2,0
1,2.0,1.0,-0.2999645033424777,1.0,1.0,2.0,2,0
1,2.0,2.0,-0.2999645033424777,1.0,2.0,2.0,2,0
1,2.0,1.0,-0.2999645033424777,1.0,3.0,1.0,2,0
1,2.0,4.0,-0.2999645033424777,1.0,2.0,2.0,3,0
1,2.0,1.0,-0.2999645033424777,1.0,2.0,2.0,3,0
2,2.0,1.0,-0.2999645033424777,1.0,1.0,1.0,2,0
2,2.0,3.0,0.7576026558777961,1.0,1.0,1.0,2,0
2,2.0,2.0,-0.2999645033424777,1.0,2.0,1.0,2,0
2,2.0,2.0,-0.2999645033424777,1.0,1.0,2.0,2,0
2,2.0,1.0,-1.3575316625627514,1.0,1.0,2.0,3,0
2,2.0,2.0,-0.2999645033424777,1.0,1.0,1.0,1,0
1,2.0,1.0,-0.2999645033424777,1.0,1.0,1.0,2,0
2,1.0,3.0,-0.2999645033424777,1.0,1.0,1.0,2,0
2,2.0,3.0,-0.2999645033424777,1.0,1.0,1.0,1,0
1,1.0,2.0,-1.3575316625627514,1.0,2.0,2.0,3,0
2,3.0,2.0,0.7576026558777961,1.0,1.0,3.0,3,0
2,2.0,1.0,-0.2999645033424777,1.0,1.0,2.0,2,0
1,1.0,2.0,-0.2999645033424777,1.0,1.0,2.0,2,0
1,2.0,2.0,-0.2999645033424777,1.0,1.0,2.0,2,0
1,2.0,2.0,-0.2999645033424777,1.0,2.0,2.0,3,0
2,2.0,2.0,-0.2999645033424777,1.0,2.0,1.0,2,0
2,2.0,3.0,-0.2999645033424777,1.0,1.0,2.0,3,0
2,1.0,1.0,-1.3575316625627514,1.0,1.0,1.0,1,0
2,2.0,2.0,-0.2999645033424777,1.0,1.0,2.0,2,0
2,1.0,2.0,-0.2999645033424777,1.0,1.0,1.0,1,0
2,2.0,1.0,0.7576026558777961,1.0,1.0,1.0,1,0
2,2.0,1.0,-0.2999645033424777,1.0,1.0,1.0,1,0
2,3.0,1.0,-0.2999645033424777,1.0,2.0,2.0,2,0
2,1.0,1.0,-0.2999645033424777,1.0,1.0,1.0,3,0
1,4.0,2.0,-0.2999645033424777,1.0,1.0,1.0,2,0
1,1.0,2.0,-0.2999645033424777,2.0,2.0,2.0,2,0
2,1.0,1.0,-0.2999645033424777,1.0,1.0,2.0,2,0
2,1.0,2.0,-0.2999645033424777,1.0,1.0,2.0,2,0
2,2.0,2.0,-1.3575316625627514,1.0,1.0,2.0,2,0
2,2.0,1.0,-0.2999645033424777,1.0,1.0,2.0,4,0
1,2.0,1.0,-0.2999645033424777,1.0,1.0,1.0,2,0
2,1.0,3.0,-0.2999645033424777,1.0,1.0,2.0,3,0
2,1.0,2.0,-0.2999645033424777,1.0,1.0,1.0,1,0
2,1.0,3.0,-0.2999645033424777,1.0,1.0,1.0,2,0
2,1.0,1.0,-1.3575316625627514,1.0,1.0,1.0,2,0
2,2.0,1.0,-0.2999645033424777,1.0,3.0,1.0,3,0
1,2.0,3.0,0.7576026558777961,1.0,2.0,2.0,2,0
1,2.0,3.0,-0.2999645033424777,1.0,1.0,1.0,2,0
2,2.0,3.0,-0.2999645033424777,1.0,1.0,2.0,2,0
2,3.0,2.0,-0.2999645033424777,1.0,2.0,1.0,2,0
1,1.0,3.0,-1.3575316625627514,1.0,2.0,3.0,3,0
2,2.0,2.0,-1.3575316625627514,1.0,2.0,1.0,4,0
1,2.0,4.0,-0.2999645033424777,1.0,2.0,2.0,2,0
1,4.0,2.0,0.7576026558777961,1.0,2.0,4.0,4,0
1,3.0,2.0,-1.3575316625627514,1.0,1.0,1.0,3,0
1,2.0,1.0,-0.2999645033424777,1.0,2.0,1.0,2,0
2,4.0,3.0,-1.3575316625627514,1.0,1.0,2.0,3,0
2,2.0,1.0,-1.3575316625627514,1.0,2.0,3.0,2,0
1,4.0,1.0,1.8151698150980697,1.0,1.0,2.0,2,0
1,2.0,1.0,0.7576026558777961,1.0,2.0,2.0,4,0
2,1.0,3.0,-1.3575316625627514,1.0,2.0,1.0,4,0
2,4.0,2.0,-0.2999645033424777,1.0,1.0,4.0,1,0
1,3.0,2.0,1.8151698150980697,1.0,2.0,3.0,4,0
1,4.0,2.0,1.8151698150980697,1.0,2.0,2.0,3,0
1,4.0,2.0,0.7576026558777961,1.0,1.0,1.0,2,0
1,4.0,2.0,-1.3575316625627514,1.0,2.0,1.0,1,0
2,3.0,1.0,-0.2999645033424777,1.0,3.0,1.0,2,0
2,1.0,1.0,-1.3575316625627514,1.0,1.0,2.0,3,0
1,3.0,2.0,-1.3575316625627514,1.0,1.0,1.0,3,0
2,3.0,4.0,-0.2999645033424777,1.0,3.0,2.0,2,0
2,2.0,3.0,1.8151698150980697,1.0,1.0,1.0,4,0
1,3.0,2.0,-1.3575316625627514,1.0,2.0,1.0,1,0
1,1.0,1.0,-0.2999645033424777,1.0,2.0,2.0,1,0
2,2.0,1.0,-0.2999645033424777,1.0,1.0,1.0,2,0
2,3.0,1.0,1.8151698150980697,1.0,3.0,1.0,2,0
2,1.0,4.0,-0.2999645033424777,1.0,2.0,1.0,1,0
2,1.0,2.0,0.7576026558777961,1.0,1.0,3.0,1,0
1,2.0,4.0,-1.3575316625627514,1.0,1.0,1.0,2,0
2,3.0,3.0,-1.3575316625627514,1.0,1.0,1.0,2,0
2,2.0,2.0,1.8151698150980697,1.0,1.0,1.0,1,0
1,3.0,1.0,0.7576026558777961,1.0,4.0,2.0,4,0
2,3.0,2.0,-1.3575316625627514,1.0,2.0,2.0,3,0
1,1.0,1.0,0.7576026558777961,1.0,2.0,3.0,2,0
1,1.0,1.0,-1.3575316625627514,1.0,1.0,2.0,3,0
1,1.0,4.0,0.7576026558777961,1.0,1.0,1.0,1,0
1,3.0,2.0,-1.3575316625627514,1.0,1.0,1.0,1,0
1,3.0,1.0,1.8151698150980697,1.0,2.0,4.0,4,0
1,1.0,4.0,-1.3575316625627514,1.0,2.0,2.0,4,0
2,3.0,2.0,-0.2999645033424777,1.0,1.0,2.0,2,0
1,3.0,3.0,1.8151698150980697,1.0,1.0,2.0,3,0
2,2.0,3.0,-1.3575316625627514,1.0,1.0,2.0,1,0
1,2.0,4.0,1.8151698150980697,1.0,3.0,1.0,2,0
1,1.0,2.0,1.8151698150980697,1.0,2.0,1.0,4,0
1,1.0,3.0,0.7576026558777961,1.0,1.0,3.0,2,0
1,4.0,2.0,0.7576026558777961,1.0,1.0,1.0,1,0
1,1.0,1.0,1.8151698150980697,1.0,1.0,1.0,4,0
2,3.0,4.0,-0.2999645033424777,1.0,3.0,4.0,1,0
1,4.0,2.0,-0.2999645033424777,1.0,1.0,2.0,2,0
1,2.0,3.0,-0.2999645033424777,1.0,3.0,1.0,4,0
1,2.0,1.0,1.8151698150980697,1.0,2.0,4.0,1,0
1,3.0,3.0,0.7576026558777961,1.0,1.0,1.0,1,0
1,3.0,3.0,1.8151698150980697,1.0,2.0,3.0,1,0
1,3.0,3.0,0.7576026558777961,1.0,1.0,1.0,3,0
2,4.0,2.0,0.7576026558777961,1.0,1.0,3.0,1,0
2,2.0,1.0,0.7576026558777961,1.0,2.0,4.0,1,0
1,3.0,2.0,0.7576026558777961,1.0,1.0,2.0,1,0
2,2.0,2.0,-0.2999645033424777,1.0,1.0,4.0,3,0
2,3.0,3.0,0.7576026558777961,1.0,4.0,1.0,4,0
1,3.0,2.0,0.7576026558777961,1.0,1.0,2.0,1,0
2,3.0,2.0,1.8151698150980697,1.0,2.0,4.0,1,0
1,2.0,2.0,1.8151698150980697,1.0,1.0,3.0,1,0
1,2.0,3.0,-1.3575316625627514,1.0,1.0,4.0,1,0
1,2.0,4.0,-0.2999645033424777,1.0,1.0,4.0,3,0
1,2.0,1.0,0.7576026558777961,1.0,4.0,2.0,2,0
1,3.0,3.0,-0.2999645033424777,1.0,3.0,1.0,3,0
1,3.0,3.0,-0.2999645033424777,1.0,3.0,1.0,1,0
1,3.0,2.0,-1.3575316625627514,1.0,1.0,2.0,1,0
2,4.0,3.0,1.8151698150980697,1.0,2.0,1.0,2,0
1,1.0,3.0,-1.3575316625627514,1.0,1.0,1.0,2,0
1,4.0,3.0,-1.3575316625627514,1.0,2.0,1.0,1,0
2,2.0,4.0,-1.3575316625627514,1.0,4.0,3.0,1,0
2,2.0,4.0,-0.2999645033424777,1.0,2.0,1.0,3,0
2,1.0,3.0,0.7576026558777961,1.0,2.0,3.0,2,0
1,2.0,1.0,-1.3575316625627514,1.0,3.0,2.0,2,0
2,3.0,1.0,0.7576026558777961,1.0,3.0,2.0,2,0
1,2.0,3.0,-1.3575316625627514,1.0,1.0,1.0,2,0
1,3.0,4.0,-0.2999645033424777,1.0,1.0,1.0,1,0
2,1.0,3.0,1.8151698150980697,1.0,1.0,1.0,4,0
2,4.0,1.0,-0.2999645033424777,1.0,2.0,1.0,1,0
1,2.0,1.0,-0.2999645033424777,1.0,4.0,2.0,3,0
2,1.0,4.0,-0.2999645033424777,1.0,2.0,1.0,2,0
2,4.0,4.0,-0.2999645033424777,1.0,1.0,1.0,2,0
2,4.0,2.0,1.8151698150980697,1.0,2.0,3.0,1,0
2,3.0,2.0,-1.3575316625627514,1.0,2.0,1.0,2,0
2,1.0,2.0,0.7576026558777961,1.0,2.0,1.0,1,0
1,2.0,4.0,-0.2999645033424777,1.0,2.0,1.0,2,0
2,2.0,2.0,-0.2999645033424777,1.0,2.0,2.0,3,0
1,2.0,4.0,0.7576026558777961,1.0,4.0,1.0,1,0
1,3.0,1.0,1.8151698150980697,1.0,1.0,4.0,3,0
1,3.0,1.0,-0.2999645033424777,1.0,1.0,2.0,2,0
2,4.0,2.0,0.7576026558777961,1.0,2.0,1.0,3,0
2,2.0,4.0,0.7576026558777961,1.0,4.0,1.0,1,0
1,1.0,2.0,0.7576026558777961,1.0,1.0,2.0,2,0
2,2.0,2.0,0.7576026558777961,1.0,4.0,4.0,2,0
1,2.0,3.0,0.7576026558777961,1.0,2.0,1.0,1,0
1,2.0,2.0,-0.2999645033424777,1.0,1.0,2.0,2,0
1,3.0,4.0,-0.2999645033424777,1.0,1.0,3.0,1,0
1,2.0,3.0,-1.3575316625627514,1.0,3.0,1.0,2,0
2,4.0,1.0,-0.2999645033424777,1.0,1.0,2.0,1,0
2,3.0,3.0,1.8151698150980697,1.0,1.0,4.0,2,0
2,4.0,2.0,1.8151698150980697,1.0,1.0,1.0,4,0
1,2.0,4.0,0.7576026558777961,1.0,1.0,1.0,1,0
2,2.0,3.0,-0.2999645033424777,1.0,1.0,1.0,4,0
2,1.0,3.0,0.7576026558777961,1.0,2.0,2.0,1,0
1,3.0,4.0,-1.3575316625627514,1.0,2.0,4.0,1,0
1,4.0,4.0,-0.2999645033424777,1.0,1.0,3.0,3,0
2,3.0,2.0,-1.3575316625627514,1.0,1.0,2.0,4,0
1,3.0,3.0,0.7576026558777961,1.0,2.0,2.0,3,0
2,1.0,1.0,-1.3575316625627514,1.0,1.0,3.0,4,0
1,3.0,4.0,0.7576026558777961,1.0,2.0,1.0,3,0
2,3.0,2.0,0.7576026558777961,1.0,1.0,2.0,1,0
1,1.0,1.0,-0.2999645033424777,1.0,1.0,2.0,1,0
2,1.0,2.0,0.7576026558777961,1.0,1.0,1.0,1,0
1,1.0,3.0,-0.2999645033424777,1.0,3.0,1.0,2,0
2,2.0,2.0,-1.3575316625627514,1.0,1.0,2.0,1,0
2,2.0,2.0,-0.2999645033424777,1.0,2.0,3.0,2,0
2,1.0,1.0,-0.2999645033424777,1.0,2.0,1.0,3,0
1,4.0,1.0,0.7576026558777961,1.0,3.0,2.0,2,0
2,4.0,2.0,0.7576026558777961,1.0,1.0,1.0,1,0
1,2.0,3.0,1.8151698150980697,1.0,1.0,2.0,3,0
2,3.0,4.0,-1.3575316625627514,1.0,1.0,3.0,4,0
1,1.0,2.0,-0.2999645033424777,1.0,1.0,1.0,1,0
1,1.0,1.0,-1.3575316625627514,1.0,3.0,1.0,2,0
1,2.0,3.0,-1.3575316625627514,1.0,2.0,1.0,1,0
1,1.0,2.0,0.7576026558777961,1.0,2.0,4.0,2,0
1,3.0,2.0,-0.2999645033424777,1.0,1.0,2.0,2,0
2,2.0,3.0,1.8151698150980697,1.0,4.0,3.0,2,0
1,2.0,3.0,-1.3575316625627514,1.0,1.0,4.0,2,0
2,4.0,2.0,1.8151698150980697,1.0,2.0,2.0,3,0
2,2.0,2.0,-0.2999645033424777,1.0,2.0,1.0,1,0
2,3.0,2.0,-0.2999645033424777,1.0,2.0,2.0,4,0
2,3.0,2.0,0.7576026558777961,1.0,1.0,2.0,3,0
2,3.0,4.0,-0.2999645033424777,1.0,1.0,1.0,2,0
1,3.0,2.0,-0.2999645033424777,1.0,2.0,2.0,3,0
1,1.0,3.0,-0.2999645033424777,1.0,4.0,3.0,1,0
2,2.0,4.0,-0.2999645033424777,1.0,1.0,1.0,1,0
2,2.0,4.0,-0.2999645033424777,1.0,1.0,4.0,1,0
2,2.0,3.0,-1.3575316625627514,1.0,1.0,4.0,2,0
2,3.0,2.0,0.7576026558777961,1.0,4.0,1.0,1,0
1,2.0,2.0,-1.3575316625627514,1.0,2.0,1.0,1,0
2,2.0,1.0,-0.2999645033424777,1.0,2.0,2.0,1,0
1,3.0,2.0,-1.3575316625627514,1.0,2.0,4.0,2,0
2,2.0,2.0,-1.3575316625627514,1.0,1.0,3.0,2,0
2,4.0,1.0,1.8151698150980697,1.0,1.0,1.0,2,0
1,4.0,3.0,0.7576026558777961,1.0,1.0,2.0,3,0
2,1.0,2.0,-0.2999645033424777,1.0,2.0,1.0,2,0
1,3.0,1.0,1.8151698150980697,1.0,4.0,2.0,1,0
2,2.0,3.0,-0.2999645033424777,1.0,2.0,1.0,4,0
1,2.0,1.0,-0.2999645033424777,1.0,2.0,3.0,1,0
1,3.0,1.0,-0.2999645033424777,1.0,4.0,2.0,2,0
2,1.0,3.0,1.8151698150980697,1.0,1.0,3.0,1,0
1,2.0,4.0,-0.2999645033424777,1.0,1.0,1.0,1,0
2,4.0,2.0,0.7576026558777961,1.0,3.0,2.0,1,0
1,3.0,1.0,-1.3575316625627514,1.0,2.0,2.0,4,0
1,4.0,1.0,-1.3575316625627514,1.0,2.0,1.0,1,0
2,2.0,1.0,-0.2999645033424777,1.0,1.0,2.0,1,0
2,4.0,1.0,0.7576026558777961,1.0,4.0,3.0,1,0
2,1.0,1.0,0.7576026558777961,1.0,2.0,2.0,1,0
1,2.0,2.0,0.7576026558777961,1.0,3.0,1.0,3,0
2,2.0,1.0,1.8151698150980697,1.0,1.0,3.0,2,0
2,2.0,2.0,-0.2999645033424777,1.0,1.0,2.0,1,0
2,1.0,2.0,0.7576026558777961,1.0,2.0,3.0,2,0
2,1.0,4.0,0.7576026558777961,1.0,1.0,2.0,2,0
1,3.0,3.0,1.8151698150980697,1.0,2.0,3.0,3,0
2,3.0,2.0,1.8151698150980697,1.0,3.0,4.0,1,0
1,3.0,4.0,-0.2999645033424777,1.0,1.0,1.0,3,0
1,3.0,2.0,-0.2999645033424777,1.0,2.0,2.0,3,0
2,4.0,3.0,-0.2999645033424777,1.0,2.0,3.0,2,0
1,2.0,2.0,-0.2999645033424777,1.0,2.0,1.0,1,0
1,4.0,2.0,-0.2999645033424777,1.0,4.0,2.0,3,0
2,3.0,2.0,0.7576026558777961,1.0,1.0,1.0,1,0
2,1.0,4.0,-0.2999645033424777,1.0,1.0,2.0,3,0
1,3.0,2.0,-0.2999645033424777,1.0,2.0,1.0,1,0
1,1.0,4.0,1.8151698150980697,1.0,1.0,3.0,3,0
1,3.0,2.0,-1.3575316625627514,1.0,2.0,3.0,1,0
1,4.0,1.0,-1.3575316625627514,1.0,3.0,2.0,1,0
2,1.0,2.0,-0.2999645033424777,1.0,2.0,3.0,2,0
2,3.0,4.0,0.7576026558777961,1.0,1.0,1.0,3,0
1,3.0,3.0,0.7576026558777961,1.0,2.0,2.0,2,0
1,1.0,1.0,-1.3575316625627514,1.0,1.0,1.0,1,0
1,2.0,1.0,-1.3575316625627514,1.0,1.0,1.0,1,0
2,4.0,2.0,-0.2999645033424777,1.0,3.0,1.0,2,0
1,3.0,1.0,1.8151698150980697,1.0,1.0,2.0,4,0
2,3.0,3.0,-0.2999645033424777,1.0,1.0,1.0,2,0
1,2.0,3.0,0.7576026558777961,1.0,1.0,2.0,1,0
1,1.0,3.0,-1.3575316625627514,1.0,2.0,2.0,2,0
2,3.0,2.0,1.8151698150980697,1.0,3.0,2.0,3,0
1,3.0,2.0,-0.2999645033424777,1.0,4.0,1.0,1,0
2,2.0,1.0,0.7576026558777961,1.0,4.0,2.0,3,0
2,2.0,1.0,-0.2999645033424777,1.0,4.0,1.0,2,0
1,3.0,1.0,1.8151698150980697,1.0,2.0,1.0,1,0
2,2.0,4.0,-1.3575316625627514,1.0,1.0,4.0,2,0
1,2.0,1.0,-0.2999645033424777,1.0,2.0,2.0,2,0
1,2.0,2.0,1.8151698150980697,1.0,2.0,1.0,2,0
2,3.0,2.0,-0.2999645033424777,1.0,1.0,3.0,4,0
1,2.0,2.0,-0.2999645033424777,1.0,2.0,2.0,2,0
2,3.0,2.0,-1.3575316625627514,1.0,1.0,2.0,1,0
1,2.0,2.0,-0.2999645033424777,1.0,1.0,1.0,2,0
2,2.0,4.0,-0.2999645033424777,1.0,1.0,1.0,1,0
2,1.0,3.0,0.7576026558777961,1.0,2.0,2.0,1,0
1,4.0,1.0,0.7576026558777961,1.0,1.0,3.0,1,0
2,3.0,2.0,-0.2999645033424777,1.0,1.0,4.0,4,0
1,4.0,2.0,-0.2999645033424777,1.0,2.0,2.0,4,0
2,1.0,4.0,-1.3575316625627514,1.0,1.0,4.0,2,0
2,2.0,2.0,1.8151698150980697,1.0,2.0,1.0,2,0
1,3.0,2.0,-0.2999645033424777,1.0,1.0,2.0,2,0
2,4.0,3.0,-1.3575316625627514,1.0,2.0,1.0,1,0
1,1.0,1.0,1.8151698150980697,1.0,2.0,1.0,2,0
1,2.0,4.0,0.7576026558777961,1.0,3.0,1.0,4,0
1,3.0,3.0,-1.3575316625627514,1.0,3.0,1.0,1,0
2,2.0,2.0,0.7576026558777961,1.0,2.0,4.0,2,0
1,1.0,1.0,-1.3575316625627514,1.0,2.0,2.0,3,0
1,2.0,3.0,0.7576026558777961,1.0,1.0,2.0,2,0
1,2.0,2.0,1.8151698150980697,1.0,1.0,2.0,2,0
1,2.0,2.0,-0.2999645033424777,2.0,1.0,1.0,2,0
2,2.0,2.0,-0.2999645033424777,1.0,1.0,1.0,1,0
