cylinders,displacement,horsepower,weight,acceleration,model year,origin,mpg
8.0,1.077121561691646,1.2303367171591741,0.5435969322142731,-1.3205207647727535,70.0,1,16.0
8.0,1.0578302120841734,0.9652744071299979,0.5624175331777344,-1.8688088561935177,70.0,1,17.0
8.0,2.2828309121586967,2.502635805299221,1.6116660368907,-2.0515715533337726,70.0,1,15.0
8.0,2.5239727822521068,3.0857728873634085,1.6269577751735123,-2.417096947614282,70.0,1,14.0
8.0,2.388933334999797,2.9532417323488205,1.5775536976444264,-2.599859644754537,70.0,1,14.0
8.0,1.906649594812977,2.2905859572758795,1.0341088448244824,-2.599859644754537,70.0,1,15.0
8.0,1.4243658546261566,1.4953990271883506,0.750623542812347,-2.7826223418947915,70.0,1,14.0
8.0,2.003106342850341,1.2303367171591741,0.9294192519652291,-2.2343342504740273,70.0,1,15.0
8.0,2.533618457055843,3.2183040423779965,0.1354251488192068,-2.0515715533337726,70.0,1,14.0
6.0,0.06432570729932385,-0.17449352599546025,-0.2315765699682879,-0.041181884790970076,70.0,1,18.0
6.0,0.07397138210306026,-0.49256829803047186,-0.45154234372874147,0.14158081234928468,70.0,1,21.0
4.0,-0.9195331226817892,-0.41304960502171895,-0.989105758747604,-0.40670727907147963,70.0,3,27.0
4.0,-0.9195331226817892,-1.5263113071442596,-1.336110589011421,1.7864450866115775,70.0,2,26.0
4.0,-0.794139350233216,-0.4395558360246366,-0.3515579011103535,0.689868903770049,70.0,2,25.0
4.0,-0.8230763746444252,-0.3600371430158837,-0.6362194906827052,-0.40670727907147963,70.0,2,24.0
4.0,-0.8520133990556344,-0.22750598800129554,-0.7009153064946033,0.689868903770049,70.0,2,25.0
8.0,1.1060585861028553,2.555648267305056,1.6528361014982715,-0.22394458193122485,70.0,1,10.0
8.0,1.2121610089439558,2.820710577334232,1.6598938268595695,-0.7722326733519892,70.0,1,11.0
8.0,1.077121561691646,2.3701046502846324,2.071594472935285,1.0553942980505586,70.0,1,9.0
4.0,-0.9195331226817892,-0.41304960502171895,-0.989105758747604,-0.40670727907147963,71.0,3,27.0
4.0,-0.5047691061211239,-0.3600371430158837,-0.8314832256786159,-0.041181884790970076,71.0,1,28.0
4.0,-0.7652023258220068,-0.22750598800129554,-0.8738295778464037,-0.5894699762117344,71.0,3,25.0
6.0,0.3826329758226252,-0.09497483298670736,-0.396256828398574,-0.9549953704922439,71.0,1,19.0
6.0,0.31511325219647035,0.03755632202788079,0.5506546575755711,-0.041181884790970076,71.0,1,16.0
6.0,0.5562551222898804,-0.09497483298670736,0.42126302595177484,-0.041181884790970076,71.0,1,17.0
6.0,0.3826329758226252,-0.09497483298670736,0.37303523598290533,-0.041181884790970076,71.0,1,18.0
8.0,1.5208226026635208,1.6279301822029388,1.4563960789421446,-1.3205207647727535,71.0,1,14.0
8.0,2.003106342850341,1.892992492232115,1.7563494067973087,-1.5032834619130082,71.0,1,14.0
8.0,1.530468277467257,1.3098554101679272,1.3917002631302464,-0.7722326733519892,71.0,1,14.0
8.0,1.2121610089439558,1.2303367171591741,1.3234755846376993,-0.9549953704922439,71.0,1,14.0
8.0,1.839129871186822,2.025523647246703,2.333906598863526,-1.5032834619130082,71.0,1,12.0
8.0,2.003106342850341,1.7604613372175268,2.0880624987783136,-1.3205207647727535,71.0,1,13.0
8.0,2.003106342850341,1.892992492232115,2.551519797503547,-1.3205207647727535,71.0,1,13.0
6.0,0.6334205207197716,0.17008747704246896,-0.010434508647618008,-0.7722326733519892,71.0,1,18.0
6.0,0.5562551222898804,-0.09497483298670736,0.3659775106216074,-0.22394458193122485,71.0,1,19.0
6.0,0.5562551222898804,-0.41304960502171895,0.19776838951067227,-0.40670727907147963,71.0,1,18.0
4.0,-0.7362653014107976,-0.3600371430158837,-0.9973397716691182,-0.5894699762117344,71.0,2,28.0
4.0,-1.0931552691490445,-0.8901617630742363,-1.0549778621197183,1.420919692331068,71.0,2,30.0
4.0,-1.006344195915417,-0.7311243770567305,-1.0655644501616655,-0.40670727907147963,71.0,2,30.0
4.0,-1.1703206675789357,-1.0226929180888245,-1.4090404177448335,1.2381569951908133,71.0,3,31.0
4.0,-1.1606749927751994,-0.9166679940771539,-1.5972464273794462,0.8726316009103038,71.0,3,35.0
4.0,-0.9195331226817892,-1.1552240731034127,-1.3372868765716375,1.2381569951908133,71.0,2,27.0
4.0,-0.9774071715042076,-0.8901617630742363,-1.1949560817854616,1.7864450866115775,71.0,1,26.0
4.0,-0.7652023258220068,-0.22750598800129554,-0.8150151998355872,-0.041181884790970076,72.0,3,24.0
4.0,-0.914710285279921,-0.62509945304506,-0.9938109089884692,0.5071062066297942,72.0,1,25.0
4.0,-0.9195331226817892,-1.3142614591209185,-0.8432461012807791,2.8830212694531063,72.0,2,23.0
4.0,-0.5047691061211239,-0.3600371430158837,-0.6620978170074644,1.420919692331068,72.0,1,20.0
4.0,-0.6783912525883792,-0.4660620670275542,-0.8761821529668363,0.32434350948953944,72.0,1,21.0
8.0,1.5208226026635208,1.6279301822029388,1.532854770356206,-1.3205207647727535,72.0,1,13.0
8.0,2.003106342850341,1.892992492232115,1.6634226895402187,-1.3205207647727535,72.0,1,14.0
8.0,1.2121610089439558,1.2303367171591741,1.3693507994861362,-0.7722326733519892,72.0,1,15.0
8.0,1.530468277467257,1.3098554101679272,1.3622930741248382,-0.9549953704922439,72.0,1,14.0
8.0,1.077121561691646,1.2303367171591741,0.8247296591059757,-1.5032834619130082,72.0,1,17.0
8.0,2.2828309121586967,2.767698115328397,1.9551420044738683,-1.686046159053263,72.0,1,11.0
8.0,1.5208226026635208,1.3628678721737624,1.801048334085529,-0.7722326733519892,72.0,1,13.0
8.0,1.5208226026635208,1.4953990271883506,1.746939106315578,-0.7722326733519892,72.0,1,12.0
8.0,2.003106342850341,2.2905859572758795,1.7069453292682228,-1.1377580676324988,72.0,1,13.0
3.0,-1.179966342382672,-0.17449352599546025,-0.7538482467043381,-0.7722326733519892,72.0,3,19.0
8.0,1.077121561691646,1.2303367171591741,1.0835129223535682,-1.1377580676324988,72.0,1,15.0
8.0,1.1060585861028553,0.7002120971008216,1.325828159758132,-0.5894699762117344,72.0,1,13.0
8.0,1.0578302120841734,0.9652744071299979,1.5563805215605326,0.14158081234928468,72.0,1,13.0
8.0,1.2121610089439558,1.2303367171591741,1.3011261209935892,-0.5894699762117344,72.0,1,14.0
4.0,-0.6880369273921155,0.22309993904830422,-0.04454684789389156,-0.40670727907147963,72.0,2,18.0
4.0,-0.6880369273921155,-0.7311243770567305,-0.5409401983051825,0.8726316009103038,72.0,2,22.0
4.0,-0.697682602195852,-0.4395558360246366,0.009562379876059589,1.420919692331068,72.0,2,21.0
4.0,-0.9291787974855257,-0.9166679940771539,-0.9197047926948405,0.8726316009103038,72.0,2,26.0
4.0,-0.6783912525883792,-0.4660620670275542,-0.6773895552902767,0.14158081234928468,72.0,1,22.0
4.0,-0.9195331226817892,-0.30702468101004843,-0.803252324233424,0.5071062066297942,72.0,3,28.0
4.0,-0.697682602195852,-0.17449352599546025,-0.5468216361062641,-0.40670727907147963,72.0,3,23.0
4.0,-0.9098874478780529,-0.62509945304506,-0.9491119817002488,-0.22394458193122485,72.0,1,28.0
4.0,-0.9195331226817892,-0.41304960502171895,-1.0243943855540938,0.32434350948953944,72.0,3,27.0
8.0,1.5208226026635208,1.892992492232115,1.3281807348785648,-0.9549953704922439,73.0,1,13.0
8.0,1.077121561691646,1.2303367171591741,0.8247296591059757,-1.5032834619130082,73.0,1,14.0
8.0,1.5208226026635208,1.0978055621445861,1.1964365281343359,-0.9549953704922439,73.0,1,13.0
8.0,1.0578302120841734,0.885755714121245,1.2599560563860177,-0.40670727907147963,73.0,1,14.0
8.0,1.2121610089439558,1.2303367171591741,0.9482398529286904,-1.1377580676324988,73.0,1,15.0
8.0,2.2828309121586967,2.502635805299221,2.3303777361828772,-1.5032834619130082,73.0,1,12.0
8.0,2.003106342850341,1.2303367171591741,1.7563494067973087,-1.3205207647727535,73.0,1,13.0
8.0,1.530468277467257,1.4423865651825154,1.6375443632154594,-0.9549953704922439,73.0,1,13.0
8.0,1.2121610089439558,1.2303367171591741,1.489332130628202,-0.40670727907147963,73.0,1,14.0
8.0,2.388933334999797,2.9532417323488205,2.0751233356159338,-1.686046159053263,73.0,1,13.0
8.0,2.533618457055843,3.2183040423779965,2.329201448622661,-1.686046159053263,73.0,1,12.0
8.0,1.6172793507008847,1.892992492232115,0.9999965055782088,-1.686046159053263,73.0,1,13.0
6.0,0.31511325219647035,0.03755632202788079,0.17659521342677834,0.32434350948953944,73.0,1,18.0
6.0,0.5562551222898804,-0.09497483298670736,0.36127236038074206,0.8726316009103038,73.0,1,16.0
6.0,0.3826329758226252,-0.09497483298670736,-0.030431397171295605,0.14158081234928468,73.0,1,18.0
6.0,0.5562551222898804,-0.41304960502171895,0.05896645740514542,0.32434350948953944,73.0,1,18.0
6.0,0.054680032495587456,-0.22750598800129554,-0.07865918714016511,0.14158081234928468,73.0,1,23.0
4.0,-0.9195331226817892,-1.5263113071442596,-1.2008375195865433,1.9692077837518325,73.0,2,26.0
8.0,2.003106342850341,1.2303367171591741,2.383310676392612,-0.5894699762117344,73.0,1,11.0
8.0,2.003106342850341,1.680942644208774,2.276268508412926,-1.1377580676324988,73.0,1,12.0
8.0,1.6172793507008847,1.7604613372175268,1.9798440432384112,-0.9549953704922439,73.0,1,13.0
8.0,1.5208226026635208,2.025523647246703,1.79751947140488,-1.1377580676324988,73.0,1,12.0
6.0,0.3826329758226252,-0.09497483298670736,-0.21393225656504297,-0.22394458193122485,73.0,1,18.0
4.0,-0.9195331226817892,-0.41304960502171895,-0.8138389122753709,1.2381569951908133,73.0,3,20.0
4.0,-0.5047691061211239,-0.837149301068401,-0.6703318299289788,1.420919692331068,73.0,1,21.0
4.0,-0.8134306998406888,-0.25401221900421317,-0.6962101562537379,0.32434350948953944,73.0,3,22.0
3.0,-1.179966342382672,-0.3600371430158837,-0.996163484108902,-0.7722326733519892,73.0,3,18.0
4.0,-0.6783912525883792,-0.49256829803047186,-0.7773739979086647,1.0553942980505586,73.0,1,19.0
6.0,-0.36008398406507786,0.09056878403371606,-0.5868154131536194,-0.5894699762117344,73.0,1,21.0
4.0,-0.9098874478780529,-0.3600371430158837,-0.8303069381183995,-0.041181884790970076,73.0,2,26.0
8.0,1.5208226026635208,1.0978055621445861,1.3070075587946708,-0.9549953704922439,73.0,1,15.0
8.0,2.003106342850341,3.350835197392585,1.5375599205970714,-2.2343342504740273,73.0,1,16.0
4.0,-1.199257691990145,-1.4467926141355065,-1.2984693870844985,1.420919692331068,73.0,2,29.0
4.0,-0.7362653014107976,-0.7576306080596482,-0.9561697070615468,-0.041181884790970076,73.0,2,24.0
4.0,-0.7555566510182704,-0.3335309120129661,-0.45742378152982316,-0.5894699762117344,73.0,2,20.0
4.0,-0.6880369273921155,0.22309993904830422,-0.12100553930795296,-0.041181884790970076,73.0,2,19.0
8.0,1.2121610089439558,1.2303367171591741,0.5036031551669179,-1.686046159053263,73.0,1,15.0
4.0,-0.6880369273921155,0.17008747704246896,-0.36567335183294947,-0.5894699762117344,73.0,2,24.0
6.0,-0.35043830926134145,0.48816224907748057,-0.19275908048114904,-0.7722326733519892,73.0,3,20.0
8.0,1.5208226026635208,2.025523647246703,0.8153193586242451,-1.686046159053263,73.0,1,11.0
6.0,0.054680032495587456,-0.22750598800129554,0.15424574978266808,0.32434350948953944,74.0,1,20.0
6.0,0.3826329758226252,-0.09497483298670736,-0.0821880498208141,0.14158081234928468,74.0,1,19.0
6.0,0.5562551222898804,-0.09497483298670736,0.42949703887328916,0.5071062066297942,74.0,1,15.0
4.0,-1.0931552691490445,-0.9696804560829893,-1.2008375195865433,1.2381569951908133,74.0,3,31.0
4.0,-0.6783912525883792,-0.62509945304506,-0.6115174519181623,0.32434350948953944,74.0,1,26.0
4.0,-1.1703206675789357,-1.0226929180888245,-1.3349343014512047,1.9692077837518325,74.0,3,32.0
4.0,-0.5047691061211239,-0.7576306080596482,-0.5044752839384763,0.5071062066297942,74.0,1,25.0
6.0,0.5562551222898804,-0.09497483298670736,0.9529450031695557,0.5071062066297942,74.0,1,16.0
6.0,0.6334205207197716,0.17008747704246896,0.7776781566973227,0.8726316009103038,74.0,1,16.0
6.0,0.31511325219647035,0.03755632202788079,0.7553286930532124,0.32434350948953944,74.0,1,18.0
8.0,1.0578302120841734,0.9652744071299979,1.3764085248474343,-0.5894699762117344,74.0,1,16.0
8.0,1.5208226026635208,1.2303367171591741,2.032776983448146,-0.40670727907147963,74.0,1,13.0
8.0,1.2121610089439558,1.2303367171591741,1.7481153938757943,-0.7722326733519892,74.0,1,14.0
8.0,1.0578302120841734,0.9652744071299979,1.96102344227495,0.14158081234928468,74.0,1,14.0
8.0,1.077121561691646,1.2303367171591741,1.5128578818325285,-0.041181884790970076,74.0,1,14.0
4.0,-0.9098874478780529,-0.5455807600363071,-0.8844161658883507,0.32434350948953944,74.0,2,29.0
4.0,-1.0931552691490445,-0.9696804560829893,-1.185545781303731,-0.041181884790970076,74.0,2,26.0
4.0,-0.9195331226817892,-0.6781119150508953,-0.789136873510828,-0.40670727907147963,74.0,2,26.0
4.0,-1.1220922935602538,-1.3672739211267537,-1.5549000752116584,0.32434350948953944,74.0,3,31.0
4.0,-1.0545725699340989,-1.128717842100495,-1.1384942788950778,1.2381569951908133,74.0,3,32.0
4.0,-0.9870528463079441,-0.7576306080596482,-0.9949871965486856,-0.40670727907147963,74.0,1,28.0
4.0,-0.9870528463079441,-0.7576306080596482,-1.0149840850723633,-0.041181884790970076,74.0,2,24.0
4.0,-0.7362653014107976,-0.7576306080596482,-0.8526564017625098,-0.5894699762117344,74.0,2,26.0
4.0,-0.697682602195852,-0.17449352599546025,-0.5668185246299418,-0.22394458193122485,74.0,3,24.0
4.0,-0.8134306998406888,-0.28051845000713077,-0.682094705531142,-0.041181884790970076,74.0,3,26.0
4.0,-1.0931552691490445,-0.9696804560829893,-1.1420231415757267,0.14158081234928468,74.0,2,31.0
6.0,0.31511325219647035,-0.22750598800129554,0.3448043345377134,0.14158081234928468,75.0,1,19.0
6.0,0.5562551222898804,0.03755632202788079,0.5741804087798976,0.14158081234928468,75.0,1,18.0
6.0,0.5562551222898804,-0.837149301068401,0.5424206446540567,1.9692077837518325,75.0,1,15.0
6.0,0.5562551222898804,-0.837149301068401,0.22011785315478252,1.420919692331068,75.0,1,15.0
8.0,2.003106342850341,1.7604613372175268,1.9963120690814398,-1.5032834619130082,75.0,1,16.0
8.0,1.5208226026635208,1.0978055621445861,1.7281185053521166,-0.5894699762117344,75.0,1,15.0
8.0,1.2121610089439558,1.2303367171591741,1.7963431838446637,-0.40670727907147963,75.0,1,16.0
8.0,1.530468277467257,1.177324255153339,1.9833729059190601,-0.7722326733519892,75.0,1,14.0
6.0,0.3729873010188888,0.17008747704246896,1.1011572357568131,1.9692077837518325,75.0,1,17.0
6.0,0.5562551222898804,0.03755632202788079,1.0893943601546499,1.0553942980505586,75.0,1,16.0
6.0,0.6334205207197716,0.17008747704246896,0.8929543375985228,1.2381569951908133,75.0,1,15.0
6.0,0.31511325219647035,-0.22750598800129554,0.957650153410421,1.2381569951908133,75.0,1,18.0
6.0,0.3729873010188888,0.17008747704246896,0.08013963348903935,-0.22394458193122485,75.0,1,21.0
8.0,0.6720032199347172,0.17008747704246896,0.2942239694484113,-0.7722326733519892,75.0,1,20.0
8.0,1.0578302120841734,0.673705866097904,0.23305701631716216,-1.3205207647727535,75.0,1,13.0
4.0,-0.9195331226817892,-0.7576306080596482,-0.9408779687787344,0.14158081234928468,75.0,3,29.0
4.0,-0.5047691061211239,-0.5455807600363071,-0.3903753905974924,0.5071062066297942,75.0,1,23.0
6.0,0.3826329758226252,-0.09497483298670736,-0.06689631153800181,0.14158081234928468,75.0,1,20.0
4.0,-0.5047691061211239,-0.6781119150508953,-0.44566090592765983,1.0553942980505586,75.0,1,23.0
4.0,-0.5626431549435423,-0.2009997569983779,-0.31626927430386365,-0.7722326733519892,75.0,3,24.0
4.0,-0.9870528463079441,-0.8636555320713187,-0.8797110156474853,0.32434350948953944,75.0,2,25.0
4.0,-0.7073282769995883,-0.17449352599546025,-0.5009464212578273,0.5071062066297942,75.0,3,24.0
6.0,-0.20575318720529542,-0.17449352599546025,0.015443817677141236,-0.40670727907147963,75.0,1,18.0
4.0,-0.9870528463079441,-0.8901617630742363,-1.2161292578693554,-0.5894699762117344,75.0,2,29.0
6.0,0.3826329758226252,-0.3600371430158837,0.28246109384624796,0.5071062066297942,75.0,1,19.0
4.0,-0.745910976214534,-0.22750598800129554,-0.3256795747855943,-0.22394458193122485,75.0,2,23.0
4.0,-0.697682602195852,-0.41304960502171895,-0.016315946448699655,0.5071062066297942,75.0,2,23.0
4.0,-0.6880369273921155,-0.14798729499254262,-0.030431397171295605,-0.40670727907147963,75.0,2,22.0
4.0,-0.6880369273921155,0.30261863205705714,-0.3527341886705698,-0.7722326733519892,75.0,2,25.0
4.0,-0.9774071715042076,-1.3407676901238361,-1.3831620914200742,0.689868903770049,75.0,3,33.0
4.0,-0.8230763746444252,-0.4660620670275542,-0.59622571363535,-0.041181884790970076,76.0,2,28.0
4.0,-0.7362653014107976,-0.5985932220421424,-0.8832398783281343,0.47055366720174274,76.0,2,25.0
4.0,-0.5047691061211239,-0.30702468101004843,-0.46918665713198643,-0.26049712135927566,76.0,1,25.0
4.0,-0.9098874478780529,-0.6516056840479777,-0.8420698137205628,0.7629739826261507,76.0,1,26.0
4.0,-0.8809504234668436,-0.5455807600363071,-0.9044130544120282,-0.11428696364707172,76.0,2,27.0
8.0,1.0867672364953826,0.9652744071299979,1.4634538043034426,-0.9549953704922439,76.0,1,17.5
8.0,1.2121610089439558,1.2303367171591741,1.4340466152980345,-0.9549953704922439,76.0,1,16.0
8.0,1.077121561691646,0.43514978707164526,1.1658530515687113,-0.6260225156397852,76.0,1,15.5
8.0,1.530468277467257,1.2833491791650096,1.4634538043034426,-1.0281004493483457,76.0,1,14.5
6.0,0.31511325219647035,-0.09497483298670736,0.30833942017100724,-0.0777344242190209,76.0,1,22.0
6.0,0.5562551222898804,0.03755632202788079,0.44949392739696675,-0.40670727907147963,76.0,1,22.0
6.0,0.07397138210306026,-0.5985932220421424,0.048379869363198456,0.7264214431981004,76.0,1,24.0
6.0,0.3826329758226252,-0.3600371430158837,0.1342488612589905,0.7264214431981004,76.0,1,22.5
4.0,-1.0352812203266262,-1.3672739211267537,-1.1008530769681553,2.4078382568884438,76.0,1,29.0
4.0,-0.9098874478780529,-1.1552240731034127,-0.9491119817002488,2.371285717460393,76.0,1,24.5
4.0,-0.9870528463079441,-0.8901617630742363,-1.2161292578693554,-0.5163648973556327,76.0,2,29.0
4.0,-0.9774071715042076,-1.3407676901238361,-1.3831620914200742,0.6533163643419976,76.0,3,33.0
6.0,0.31511325219647035,-0.09497483298670736,0.8000276203414328,0.7629739826261507,76.0,1,20.0
6.0,0.5562551222898804,-0.6781119150508953,0.7094534782047756,1.9692077837518325,76.0,1,18.0
6.0,0.5562551222898804,0.17008747704246896,0.7929698949801349,0.21468589120538634,76.0,1,18.5
6.0,0.6334205207197716,-0.22750598800129554,0.26128791776235405,0.7995265220542022,76.0,1,17.5
4.0,-0.9195331226817892,-0.8636555320713187,-1.3478734646135844,-1.2474156859166519,76.0,2,29.5
4.0,-1.0352812203266262,-0.8901617630742363,-1.15378601717789,0.5071062066297942,76.0,3,32.0
4.0,-0.9195331226817892,-0.7576306080596482,-0.9596985697421957,0.287790970061488,76.0,3,28.0
4.0,-0.5047691061211239,-0.837149301068401,-0.47742067005350075,-0.7356801339239384,76.0,1,26.5
4.0,-0.601225854158488,-0.041962370980872105,0.21070755267305188,0.03192319406513157,76.0,2,20.0
8.0,1.2121610089439558,1.2303367171591741,1.139974725243952,-0.8818902916361423,76.0,1,13.0
4.0,-0.697682602195852,-0.41304960502171895,0.3518620598990114,2.2981806386042907,76.0,2,19.0
6.0,-0.35043830926134145,0.11707501503663369,-0.04807571057454055,-0.041181884790970076,76.0,3,19.0
6.0,-0.23469021161650463,0.43514978707164526,0.9988202180179925,0.3974485883456411,76.0,2,16.5
8.0,1.5208226026635208,2.025523647246703,1.657541251739137,-1.2839682253447027,76.0,1,16.5
8.0,1.5208226026635208,1.0978055621445861,1.2752477946688299,-1.3205207647727535,76.0,1,13.0
8.0,1.0578302120841734,0.7002120971008216,1.057634596028809,-0.22394458193122485,76.0,1,13.0
8.0,1.2121610089439558,1.2303367171591741,0.9223615266039311,-0.5894699762117344,76.0,1,13.0
4.0,-0.9098874478780529,-0.9431742250800716,-1.089090201365992,1.0553942980505586,77.0,3,31.5
4.0,-0.7844936754294796,-0.62509945304506,-0.9596985697421957,-0.2970496607873265,77.0,1,30.0
4.0,-1.0931552691490445,-1.2082365351092479,-1.3478734646135844,1.09194683747861,77.0,2,36.0
4.0,-0.6783912525883792,-0.2009997569983779,-0.789136873510828,-0.041181884790970076,77.0,1,25.5
4.0,-1.0352812203266262,-0.8901617630742363,-1.206718957387625,0.4340011277736926,77.0,3,33.5
8.0,1.0867672364953826,1.0978055621445861,1.0693974716309722,-1.1377580676324988,77.0,1,17.5
8.0,0.6527118703272444,0.17008747704246896,1.2811292324699115,1.2381569951908133,77.0,1,17.0
8.0,1.2121610089439558,1.0978055621445861,1.3752322372872179,-0.6991275944958875,77.0,1,15.5
8.0,1.0578302120841734,0.7002120971008216,1.557556809120749,-0.26049712135927566,77.0,1,15.0
6.0,0.5562551222898804,0.17008747704246896,0.6459339499530937,0.287790970061488,77.0,1,17.5
6.0,0.3729873010188888,0.03755632202788079,0.5341866317325424,0.47055366720174274,77.0,1,20.5
6.0,0.31511325219647035,-0.09497483298670736,0.7753255815768899,0.7629739826261507,77.0,1,19.0
6.0,0.5562551222898804,-0.14798729499254262,0.6518153877541754,1.2381569951908133,77.0,1,18.5
8.0,2.003106342850341,2.025523647246703,1.4693352421045243,-1.6494936196252121,77.0,1,16.0
8.0,1.5208226026635208,1.7604613372175268,1.404639426292626,-1.539836001341059,77.0,1,15.5
8.0,2.003106342850341,2.2905859572758795,1.5928454359272388,-1.2474156859166519,77.0,1,15.5
8.0,1.530468277467257,1.2038304861562565,1.604608311529402,-0.40670727907147963,77.0,1,16.0
4.0,-0.9195331226817892,-0.6781119150508953,-1.2126003951887065,-0.40670727907147963,77.0,2,29.0
4.0,-0.39866668328002347,-0.41304960502171895,-0.2715703470156431,0.14158081234928468,77.0,1,24.5
4.0,-0.9195331226817892,-0.7576306080596482,-0.8303069381183995,0.9457366797664054,77.0,3,26.0
4.0,-0.5047691061211239,-0.38654337401880134,-0.2539260336123982,0.06847573349318305,77.0,1,25.5
4.0,-0.9098874478780529,-1.0757053800946597,-1.082032476004694,0.5071062066297942,77.0,1,30.5
4.0,-0.9098874478780529,-0.5455807600363071,-1.0538015745595022,0.10502827292123387,77.0,1,33.5
4.0,-0.9195331226817892,-0.9696804560829893,-1.1596674549789716,0.287790970061488,77.0,3,30.0
4.0,-0.9195331226817892,-0.6781119150508953,-0.9185285051346243,-0.5529174367836835,77.0,2,30.5
6.0,-0.4468950572987055,-0.17449352599546025,-0.18334877999941843,-0.40670727907147963,77.0,3,22.0
4.0,-0.6880369273921155,0.17008747704246896,-0.4362506054459292,-1.0281004493483457,77.0,2,21.5
3.0,-1.0835095943453081,0.17008747704246896,-0.2950960982199697,-0.7722326733519892,77.0,3,21.5
4.0,-0.9870528463079441,-1.4732988451384244,-1.1596674549789716,2.151970480892087,78.0,2,43.1
4.0,-0.9098874478780529,-0.9961866870859069,-1.3772806536189925,-0.44325981849953044,78.0,1,36.1
4.0,-1.1028009439527808,-1.3672739211267537,-1.1596674549789716,1.3843671529030166,78.0,3,32.8
4.0,-1.0352812203266262,-0.8901617630742363,-1.0596830123605838,1.09194683747861,78.0,3,39.4
4.0,-0.9774071715042076,-1.1552240731034127,-1.3772806536189925,0.287790970061488,78.0,3,36.1
8.0,0.6527118703272444,0.17008747704246896,0.4636093781195627,-0.041181884790970076,78.0,1,19.9
8.0,1.2121610089439558,0.9652744071299979,0.8988357753996046,-0.8818902916361423,78.0,1,19.4
8.0,1.0578302120841734,0.9387681761270803,0.7047483279639102,-1.0281004493483457,78.0,1,20.2
6.0,0.3729873010188888,0.03755632202788079,0.6635782633563386,1.311262074046915,78.0,1,19.2
6.0,0.07397138210306026,-0.22750598800129554,0.21658899047413355,0.9457366797664054,78.0,1,20.5
6.0,0.07397138210306026,-0.49256829803047186,-0.006905645966969021,0.06847573349318305,78.0,1,20.2
4.0,-0.5047691061211239,-0.41304960502171895,-0.2950960982199697,-0.0777344242190209,78.0,1,25.1
6.0,0.31511325219647035,-0.09497483298670736,0.5400680695336241,0.5802112854858958,78.0,1,20.5
6.0,0.3826329758226252,-0.3600371430158837,0.28128480628603164,0.5802112854858958,78.0,1,19.4
6.0,0.3729873010188888,0.03755632202788079,0.4812536915228076,0.06847573349318305,78.0,1,20.6
6.0,0.07397138210306026,-0.49256829803047186,0.11660454785574556,0.3974485883456411,78.0,1,20.8
6.0,0.31511325219647035,0.17008747704246896,0.7635627059747266,1.1284993769066602,78.0,1,18.6
6.0,0.6334205207197716,0.43514978707164526,0.5165423183292975,-0.187392042503174,78.0,1,18.1
8.0,1.0867672364953826,1.0978055621445861,0.5341866317325424,-0.8818902916361423,78.0,1,19.2
6.0,0.3729873010188888,1.6279301822029388,0.5577123829368691,-0.80878521278004,78.0,1,17.7
8.0,1.0578302120841734,0.9387681761270803,0.27540336848495,-1.6129410801971613,78.0,1,18.1
8.0,1.2121610089439558,0.9652744071299979,1.304654983674238,-0.6991275944958875,78.0,1,17.5
4.0,-0.9098874478780529,-0.9431742250800716,-0.9596985697421957,0.32434350948953944,78.0,1,30.0
4.0,-0.5626431549435423,-0.22750598800129554,-0.4833021078545824,-0.5163648973556327,78.0,3,27.5
4.0,-0.7073282769995883,-0.17449352599546025,-0.789136873510828,-0.33360220021537795,78.0,3,27.2
4.0,-0.842367724251898,-0.7576306080596482,-0.8714770027259711,-0.40670727907147963,78.0,1,30.9
4.0,-0.5626431549435423,-0.22750598800129554,-0.5362350480643172,-0.2970496607873265,78.0,3,21.1
4.0,-0.35043830926134145,0.03755632202788079,-0.26568890921456145,0.3974485883456411,78.0,1,23.2
4.0,-0.39866668328002347,-0.49256829803047186,-0.13629727759076524,0.7264214431981004,78.0,1,23.8
4.0,-0.7073282769995883,-0.17449352599546025,-0.6656266796881134,-0.26049712135927566,78.0,3,23.9
5.0,-0.5915801793547516,-0.01545613997795447,-0.16570446659617347,0.10502827292123387,78.0,2,20.3
6.0,-0.2829185856351867,0.5676809420862334,0.19894467707088861,-0.7356801339239384,78.0,2,17.0
4.0,-0.6880369273921155,0.30261863205705714,-0.206874531203745,0.03192319406513157,78.0,2,21.6
6.0,-0.2829185856351867,0.7797307901095745,0.5165423183292975,0.06847573349318305,78.0,2,16.2
4.0,-0.9966985211116804,-0.8636555320713187,-1.15378601717789,-0.26049712135927566,78.0,2,31.5
4.0,-0.9098874478780529,-0.9431742250800716,-0.9832243209465223,0.3608960489175909,78.0,3,29.5
6.0,0.3729873010188888,0.30261863205705714,0.3224548708936032,-0.0777344242190209,79.0,1,21.5
6.0,0.07397138210306026,-0.49256829803047186,0.022501543038439212,0.9457366797664054,79.0,1,19.8
4.0,-0.5047691061211239,-0.41304960502171895,-0.09512721298319372,0.6167638249139473,79.0,1,22.3
6.0,0.3826329758226252,-0.3600371430158837,0.3459806220979298,0.9457366797664054,79.0,1,20.2
6.0,0.31511325219647035,0.17008747704246896,0.457727940318481,0.3608960489175909,79.0,1,20.6
8.0,1.0867672364953826,0.7002120971008216,1.0223459692223191,-0.0777344242190209,79.0,1,17.0
8.0,1.0578302120841734,0.673705866097904,0.8870728997974412,-0.80878521278004,79.0,1,17.6
8.0,1.530468277467257,0.9122619451241627,1.157619038647197,-0.8818902916361423,79.0,1,16.5
8.0,1.2121610089439558,0.8327432521154098,1.0105830936201559,-0.1508395030751232,79.0,1,18.2
8.0,1.5208226026635208,1.3628678721737624,1.6340155005348103,-0.26049712135927566,79.0,1,16.9
8.0,1.530468277467257,1.018286869135833,1.2740715071086135,-0.47981235792758126,79.0,1,15.5
8.0,0.7202315939533993,0.5676809420862334,0.7459183925714817,-0.22394458193122485,79.0,1,19.2
8.0,1.6172793507008847,1.2303367171591741,1.139974725243952,-0.9549953704922439,79.0,1,18.5
4.0,-0.9966985211116804,-0.8636555320713187,-1.2302447085919515,-0.5894699762117344,79.0,2,31.9
4.0,-1.0256355455228896,-1.0226929180888245,-1.171430330581135,-0.1508395030751232,79.0,3,34.1
4.0,-0.9098874478780529,-0.62509945304506,-1.2420075841941147,-0.44325981849953044,79.0,1,35.7
4.0,-0.6880369273921155,-0.62509945304506,-0.35391047623078614,-0.22394458193122485,79.0,1,27.4
5.0,-0.09000508956045859,-0.7046181460538129,0.657696825555257,1.6402349288993743,79.0,2,25.4
8.0,1.5208226026635208,0.5676809420862334,1.092923222835299,0.6533163643419976,79.0,1,23.0
4.0,-0.4951234313173875,-0.8636555320713187,0.25775905508170505,3.358204282017769,79.0,2,27.2
8.0,0.6527118703272444,-0.3600371430158837,0.5283051939314608,2.4078382568884438,79.0,1,23.9
4.0,-0.842367724251898,-0.8901617630742363,-0.9067656295324609,-0.8818902916361423,79.0,1,34.2
4.0,-0.842367724251898,-0.8901617630742363,-0.9655800075432774,-0.26049712135927566,79.0,1,34.5
4.0,-1.0352812203266262,-1.0226929180888245,-1.1184973903714002,1.311262074046915,79.0,3,31.8
4.0,-0.9774071715042076,-0.9166679940771539,-0.989105758747604,-0.33360220021537795,79.0,2,37.3
4.0,-0.39866668328002347,-0.3600371430158837,-0.35391047623078614,0.14158081234928468,79.0,1,28.4
6.0,-0.18646183759782262,0.30261863205705714,-0.44213204324701083,-1.5763885407691098,79.0,1,28.8
6.0,-0.18646183759782262,0.30261863205705714,-0.3186218494242963,-0.9915479099202947,79.0,1,26.8
4.0,-0.39866668328002347,-0.3600371430158837,-0.4880072580954477,-0.8818902916361423,79.0,1,33.5
4.0,-0.9098874478780529,-0.7311243770567305,-0.9726377329045753,-0.33360220021537795,80.0,2,41.5
4.0,-0.9966985211116804,-1.1552240731034127,-1.1796643435026493,1.1650519163347117,80.0,3,38.1
4.0,-0.9098874478780529,-0.8901617630742363,-1.0008686343497672,-0.041181884790970076,80.0,1,32.1
4.0,-1.0256355455228896,-1.0226929180888245,-1.1196736779316165,0.287790970061488,80.0,3,37.2
4.0,-0.39866668328002347,-0.3600371430158837,-0.3445001757490555,0.32434350948953944,80.0,1,28.0
4.0,-0.5047691061211239,-0.41304960502171895,-0.1186529641875203,0.9091841403383553,80.0,1,26.4
4.0,-0.39866668328002347,-0.3600371430158837,0.03779328132125149,1.6402349288993743,80.0,1,24.3
6.0,0.31511325219647035,-0.3600371430158837,0.482429979083024,1.1284993769066602,80.0,1,19.1
4.0,-0.9195331226817892,-0.6781119150508953,-0.9208810802550569,0.06847573349318305,80.0,2,34.3
4.0,-0.5626431549435423,-0.3600371430158837,-0.30568268626191664,-0.041181884790970076,80.0,3,29.8
4.0,-0.697682602195852,-0.7576306080596482,-0.5044752839384763,0.689868903770049,80.0,3,31.3
4.0,-0.7073282769995883,-0.30702468101004843,-0.6315143404418398,-0.22394458193122485,80.0,3,37.0
4.0,-0.8134306998406888,-0.7576306080596482,-0.8303069381183995,-0.1508395030751232,80.0,3,32.2
4.0,-1.0256355455228896,-1.0226929180888245,-1.0126315099519305,0.8360790614822523,80.0,3,46.6
4.0,-0.35043830926134145,0.03755632202788079,-0.20099309340266336,-0.44325981849953044,80.0,1,27.9
4.0,-1.0352812203266262,-1.0226929180888245,-1.0126315099519305,1.311262074046915,80.0,3,40.8
4.0,-0.9870528463079441,-1.4732988451384244,-1.0420386989573387,2.2250755597481886,80.0,2,44.3
4.0,-0.9870528463079441,-1.4732988451384244,-0.7479668089032565,2.956126348309208,80.0,2,43.4
5.0,-0.6880369273921155,-0.9696804560829893,-0.02454995937021396,1.5671298500432713,80.0,2,36.4
4.0,-0.4468950572987055,-0.9696804560829893,0.32833630869468483,2.26162809917624,80.0,2,30.0
4.0,-0.9774071715042076,-0.9696804560829893,-1.3184662756081762,-0.662575055067836,80.0,3,44.6
4.0,-0.9195331226817892,-0.9696804560829893,-0.9714614453443591,0.8726316009103038,80.0,3,33.8
4.0,-0.9966985211116804,-1.1022116110975775,-1.3243477134092578,-0.11428696364707172,80.0,2,29.8
6.0,-0.23469021161650463,0.7532245591066569,-0.07160146177886713,-1.539836001341059,80.0,3,32.7
3.0,-1.179966342382672,-0.09497483298670736,-0.6479823662848685,-1.1377580676324988,80.0,3,23.7
4.0,-0.6783912525883792,-0.41304960502171895,-0.5538793614675621,-0.187392042503174,80.0,2,35.0
4.0,-0.8230763746444252,-0.837149301068401,-0.8008997491129913,0.5071062066297942,80.0,3,32.4
4.0,-0.552997480139806,-0.5190745290333895,-0.5656422370697254,0.03192319406513157,81.0,1,27.2
4.0,-0.39866668328002347,-0.5190745290333895,-0.3950805408383577,0.287790970061488,81.0,1,26.6
4.0,-0.35043830926134145,-0.30702468101004843,-0.4127248542416026,-0.44325981849953044,81.0,1,25.8
6.0,-0.18646183759782262,0.17008747704246896,-0.28921466041888805,-1.101205528204448,81.0,1,23.5
4.0,-0.552997480139806,-0.5190745290333895,-0.68915243089244,-0.9915479099202947,81.0,1,30.0
4.0,-1.0931552691490445,-1.2082365351092479,-1.4302135938287275,0.47055366720174274,81.0,3,39.1
4.0,-1.0256355455228896,-1.049199149091742,-1.289059086602768,0.287790970061488,81.0,1,39.0
4.0,-1.0738639195415718,-1.1552240731034127,-1.4243321560276458,0.17813335177733616,81.0,3,35.1
4.0,-0.9195331226817892,-0.9696804560829893,-1.0655644501616655,0.7995265220542022,81.0,3,32.3
4.0,-1.0352812203266262,-1.0226929180888245,-1.171430330581135,1.3843671529030166,81.0,3,37.0
4.0,-0.9966985211116804,-1.1022116110975775,-1.0832087635649104,0.6167638249139473,81.0,3,37.7
4.0,-0.9774071715042076,-0.9431742250800716,-1.1596674549789716,0.14158081234928468,81.0,3,34.1
4.0,-0.842367724251898,-1.0757053800946597,-0.889121316129216,-0.26049712135927566,81.0,1,34.7
4.0,-0.9098874478780529,-1.0226929180888245,-1.089090201365992,0.21468589120538634,81.0,1,34.4
4.0,-0.9098874478780529,-1.0226929180888245,-0.6950338686935217,1.8595501654676794,81.0,1,29.9
4.0,-0.842367724251898,-0.7841368390625658,-0.9185285051346243,-0.5163648973556327,81.0,2,33.0
4.0,-0.8230763746444252,-0.7576306080596482,-0.8950027539302976,-0.44325981849953044,81.0,3,33.7
4.0,-0.8134306998406888,-0.7576306080596482,-0.7303224955000115,0.4340011277736926,81.0,3,32.4
4.0,-0.7073282769995883,-0.09497483298670736,-0.4186062920426843,-0.2970496607873265,81.0,3,32.9
4.0,-0.697682602195852,-0.7841368390625658,-0.3950805408383577,0.9822892191944569,81.0,3,31.6
4.0,-0.4951234313173875,-0.62509945304506,0.30481055749035824,1.749892547183526,81.0,2,28.1
6.0,-0.4565407321024419,-0.7311243770567305,0.22247042827521518,1.4574722317591196,81.0,2,30.7
6.0,-0.23469021161650463,0.32912486305997474,-0.08336433738103043,-1.101205528204448,81.0,3,25.4
6.0,-0.4468950572987055,0.43514978707164526,-0.04807571057454055,-0.662575055067836,81.0,3,24.2
6.0,0.3729873010188888,0.17008747704246896,0.5224237561303792,0.06847573349318305,81.0,1,22.4
8.0,1.5208226026635208,0.03755632202788079,0.8870728997974412,1.2381569951908133,81.0,1,26.6
6.0,0.07397138210306026,-0.41304960502171895,0.10484167225358226,0.5436587460578457,81.0,1,20.2
6.0,0.31511325219647035,-0.49256829803047186,0.5812381341411956,0.3608960489175909,81.0,1,17.6
4.0,-0.7748480006257432,-0.41304960502171895,-0.43036916764484756,1.4574722317591196,82.0,1,28.0
4.0,-0.7748480006257432,-0.41304960502171895,-0.38919910303727606,1.09194683747861,82.0,1,27.0
4.0,-0.7748480006257432,-0.41304960502171895,-0.6773895552902767,0.8726316009103038,82.0,1,34.0
4.0,-0.7748480006257432,-0.49256829803047186,-0.4656577944513374,0.21468589120538634,82.0,1,31.0
4.0,-0.552997480139806,-0.5190745290333895,-0.5244721724621539,0.14158081234928468,82.0,1,29.0
4.0,-0.39866668328002347,-0.3600371430158837,-0.2774517848167248,0.8726316009103038,82.0,1,27.0
4.0,-0.5047691061211239,-0.30702468101004843,-0.12453440198860195,0.287790970061488,82.0,1,24.0
4.0,-0.842367724251898,-0.7841368390625658,-1.1655488927800535,-0.11428696364707172,82.0,2,36.0
4.0,-0.9774071715042076,-0.9431742250800716,-1.1126159525703185,0.9457366797664054,82.0,3,37.0
4.0,-0.9774071715042076,-0.9431742250800716,-1.1773117683822167,0.7264214431981004,82.0,3,31.0
4.0,-0.842367724251898,-1.0757053800946597,-0.9949871965486856,-0.33360220021537795,82.0,1,38.0
4.0,-0.9098874478780529,-0.8901617630742363,-0.9949871965486856,0.6167638249139473,82.0,1,36.0
4.0,-0.697682602195852,-0.41304960502171895,-0.9538171319411141,-0.40670727907147963,82.0,3,36.0
4.0,-0.8230763746444252,-0.7576306080596482,-0.9008841917313792,-0.40670727907147963,82.0,3,36.0
4.0,-0.8134306998406888,-0.8901617630742363,-0.8538326893227262,0.47055366720174274,82.0,3,34.0
4.0,-0.9774071715042076,-0.9696804560829893,-1.1831932061832984,-0.22394458193122485,82.0,3,38.0
4.0,-0.9774071715042076,-0.9696804560829893,-1.1831932061832984,0.03192319406513157,82.0,3,32.0
4.0,-0.9774071715042076,-0.9696804560829893,-1.1479045793768083,0.21468589120538634,82.0,3,38.0
6.0,-0.1092964391679314,0.17008747704246896,-0.030431397171295605,0.287790970061488,82.0,1,25.0
6.0,0.6720032199347172,-0.49256829803047186,0.051908732043847446,0.5071062066297942,82.0,1,38.0
4.0,-0.35043830926134145,-0.30702468101004843,-0.45389491884917416,-0.40670727907147963,82.0,1,26.0
6.0,0.3826329758226252,0.22309993904830422,-0.15982302879509183,-0.33360220021537795,82.0,1,22.0
4.0,-0.4661864069061783,-0.2009997569983779,-0.35979191403186783,-0.6260225156397852,82.0,3,32.0
4.0,-0.552997480139806,-0.5190745290333895,-0.706796744295685,-0.9549953704922439,82.0,1,36.0
4.0,-0.39866668328002347,-0.3600371430158837,-0.02454995937021396,0.6167638249139473,82.0,1,27.0
4.0,-0.5047691061211239,-0.4660620670275542,-0.21275596900482666,-0.004629345362919253,82.0,1,27.0
4.0,-0.9195331226817892,-1.3672739211267537,-0.989105758747604,3.2850992031616673,82.0,2,44.0
4.0,-0.552997480139806,-0.5190745290333895,-0.7950183113119096,-1.4667309224849574,82.0,1,32.0
4.0,-0.697682602195852,-0.6516056840479777,-0.40684341644052097,1.09194683747861,82.0,1,28.0
4.0,-0.7073282769995883,-0.5720869910392248,-0.2950960982199697,1.3843671529030166,82.0,1,31.0
